offer_id,offer_type,total_returned,total_uses,average_return,efficiency_factor
ae264e3637204a6fb9bb56bc8210ddfd,bogo,78495.22999999997,3322,23.628907284768204,1121.360428571428
4d5c57ea9a6940dd891ad53e9dbe8da0,bogo,70829.47000000003,2986,23.720519089082394,1416.5894000000005
9b98b8c7a33c4b65b9aebfe6a799e6d9,bogo,69099.37000000016,3926,17.600450840550216,1974.2677142857187
0b1e1539f2cc45b7b9fa7c272da2e1d7,discount,82981.50999999995,3239,25.619484408768123,414.90754999999973
2298d6c36e964ae4a3e7e9706d1fb8c2,discount,79938.24000000003,4698,17.01537675606642,1631.392653061225
fafdcd668e3743c1bb461111dcafc2a4,discount,88353.70000000016,4927,17.932555307489377,883.5370000000015
f19421c1d4aa40978ebb69ca19b0e20d,bogo,74032.88999999991,3877,19.09540624193962,2961.3155999999967
2906b810c7d4411798c6938adc9daaa5,discount,72893.26999999995,3642,20.01462657880284,1041.3324285714277
